id;title;content;lastmodified
1;um;disgusting when when;whether
2;swivel;when faithfully for;rally hmph salve
3;whereas wrathful yippee;psst boo;drench pace
4;ha instead garlic;prejudice;modest till irritably
5;anodize;oh;embellished gee bountiful
6;wrongly pun;yowza an strip;gadzooks availability blah
7;quietly cinch;considering delightfully famously;pupate
8;reproachfully before authorized;nor soon automatic;shakedown
9;dismal blank;untried fire;via gadzooks elaborate
10;vacantly;armpit;unto ugh
