id;user_id;email;firstname;lastname;username;password
1;5a06e70f-864d-417a-9d4a-e52a9233d44c;Christine.DAmore44@gmail.com;if negotiation plus;during ouch impolite;hover;vamoose
2;798497a2-38ee-4c59-a454-2a852b63deff;Alexys_Rippin72@yahoo.com;proctor;whenever klutzy;phooey aha so;rethinking since
3;6f3420af-3099-4088-90f5-e8175878b15f;Chauncey.Erdman@gmail.com;hungry youthfully;biosphere into how;because against;punctually
4;ec028bed-f76a-49ba-8e4c-d2facf27988b;Immanuel_Lehner@yahoo.com;shakily sizzling;when phew oh;strictly briskly sparse;buddy segment gracious
5;1e3a7617-5fe5-4fe9-bc4c-51fdc1dbebec;Bettie_Lesch67@gmail.com;given;jam-packed whoever sublimate;colorfully;imitate
6;b26a4aec-beec-410a-bab0-ad087c4f11d4;Darron.Lubowitz@yahoo.com;know-how oof meh;average macrofauna;visualize awesome athwart;considering
7;df47c255-3334-4c6d-ac7d-dfa9e5f06e59;Adalberto57@yahoo.com;aged;among uh-huh after;deflect alarmed;pixelate alongside people
8;34842c60-9b10-426b-be1f-3856fb707b4d;Golda80@hotmail.com;hazel;meaningfully successfully;improbable;daily bride
9;6117290b-23d8-4967-ba76-043319c87cd1;Jayne.Ebert@hotmail.com;bark excepting trawl;fickle;beneath;pish
10;cb8490ad-d5a2-4789-9546-c9822d5b4ebc;Durward_Senger9@gmail.com;disrupt particle;justly grunt ha;than minus cooperative;woozy feign bungle
